<?xml version="1.0" encoding="UTF-8"?>
<!--
====================================================================
 * Copyright by MMI Agency, Houston, Texas, USA
 * Website: http://www.mmiagency.com; Contact: 713-929-6900
 *
 * The MMI KNIME Node is Copyright (C) 2015, MMI Agency The KNIME Nodes 
 * are free software: you can redistribute it and/or modify it under the 
 * terms of the GNU General Public License as published by the Free 
 * Software Foundation, either version 3 of the License, or (at your 
 * option) any later version. 
 * 
 * The KNIME Nodes are distributed in the hope that it will be useful, 
 * but WITHOUT ANY WARRANTY; without even the implied warranty of 
 * MERCHANTABILITY or FITNESS FOR A PARTICULAR PURPOSE. See the GNU 
 * General Public License for more details. You should have received a 
 * copy of the GNU General Public License along with the KNIME Nodes. If 
 * not, see <http://www.gnu.org/licenses/>.
====================================================================
-->
<knimeNode icon="./default.png" type="Manipulator" xmlns="http://knime.org/node/v2.8" xmlns:xsi="http://www.w3.org/2001/XMLSchema-instance" xsi:schemaLocation="http://knime.org/node/v2.10 http://knime.org/node/v2.10.xsd">
    <name>Keyword Density</name>
    
    <shortDescription>
        This node analyzes text content retrieved from URL and calculates keyword density data.
    </shortDescription>
    
    <fullDescription>
        <intro>This node leverage Jsoup to parse HTML content and Lucene to tokenize terms and generate a list of term frequency.  You can also use the Exclude field to filter out certain keywords that should not be part of the report.</intro>

        <option name="URL Column Name">A selection of String columns from the input table, the chosen column will be used in URL(s) submission.</option>
        <option name="Content Column Name">A String column that contains HTML content of the specified URL.  If there is a value in this column, the node will parse the value instead of pulling content from URL.  This setting is optional.</option>
        <option name="Exclude Terms Column Name">A String column that contains comma separated list of terms to be excluded from URL content.  This setting is URL specific.</option>
        <option name="Exclude Terms">A comma separated list of terms to be excluded from all results.  This setting applies to all URLs.</option>
        <option name="Include Meta Keywords">Indicates whether to include meta tag keywords, default is yes.</option>
        <option name="Include Meta Description">Indicates whether to include meta tag description, default is yes.</option>
        <option name="Include Page Title">Indicates whether to include page title, default is yes.</option>

    </fullDescription>
    
    <ports>
        <inPort index="0" name="Incoming table with URL column">An input table that contains a URL column</inPort>
        <outPort index="0" name="Table output of keyword density result">An output table with keyword density results in percentages and actual frequencies</outPort>
    </ports>    

</knimeNode>
