<?xml version="1.0" encoding="UTF-8"?>
<!--
====================================================================
 * Copyright by MMI Agency, Houston, Texas, USA
 * Website: http://www.mmiagency.com; Contact: 713-929-6900
 *
 * The MMI KNIME Node is Copyright (C) 2015, MMI Agency The KNIME Nodes 
 * are free software: you can redistribute it and/or modify it under the 
 * terms of the GNU General Public License as published by the Free 
 * Software Foundation, either version 3 of the License, or (at your 
 * option) any later version. 
 * 
 * The KNIME Nodes are distributed in the hope that it will be useful, 
 * but WITHOUT ANY WARRANTY; without even the implied warranty of 
 * MERCHANTABILITY or FITNESS FOR A PARTICULAR PURPOSE. See the GNU 
 * General Public License for more details. You should have received a 
 * copy of the GNU General Public License along with the KNIME Nodes. If 
 * not, see <http://www.gnu.org/licenses/>.
====================================================================
-->
<knimeNode icon="./default.png" type="Manipulator" xmlns="http://knime.org/node/v2.8" xmlns:xsi="http://www.w3.org/2001/XMLSchema-instance" xsi:schemaLocation="http://knime.org/node/v2.10 http://knime.org/node/v2.10.xsd">
    <name>Twitter Trends</name>
    
    <shortDescription>
        Returns Twitter Trends data via Twitter API
    </shortDescription>
    
    <fullDescription>
        <intro>This node uses Twitter API Connector to connect to Twitter API to pull Trends data.  It will first make a call to trends/available to download a list of available cities/countries and populated a the Place drop down.  Select a Country/City and it will then make a call to trends/place to pull down Twitter Trends data for that specific city or country.</intro>
                
        <option name="Country">This is a drop down of available countries with Twitter Trends data.  This list is updated on the fly.</option>
        <option name="City">This is a drop down of available cities with Twitter Trends data.  This list is updated on the fly.</option>
    </fullDescription>
    
    <ports>
        <inPort index="0" name="Twitter API Connection">Twitter API Connection node</inPort>
        <outPort index="0" name="Twitter Trends Data">Twitter Trends data in table form</outPort>
    </ports>    
</knimeNode>
