<?xml version="1.0" encoding="utf-8"?>
<!--
====================================================================
 * Copyright by MMI Agency, Houston, Texas, USA
 * Website: http://www.mmiagency.com; Contact: 713-929-6900
 *
 * The MMI KNIME Node is Copyright (C) 2015, MMI Agency The KNIME Nodes 
 * are free software: you can redistribute it and/or modify it under the 
 * terms of the GNU General Public License as published by the Free 
 * Software Foundation, either version 3 of the License, or (at your 
 * option) any later version. 
 * 
 * The KNIME Nodes are distributed in the hope that it will be useful, 
 * but WITHOUT ANY WARRANTY; without even the implied warranty of 
 * MERCHANTABILITY or FITNESS FOR A PARTICULAR PURPOSE. See the GNU 
 * General Public License for more details. You should have received a 
 * copy of the GNU General Public License along with the KNIME Nodes. If 
 * not, see <http://www.gnu.org/licenses/>.
====================================================================
-->
<knimeNode icon="./moz.png" type="Source"
	xmlns="http://knime.org/node/v2.8" xmlns:xsi="http://www.w3.org/2001/XMLSchema-instance"
	xsi:schemaLocation="http://knime.org/node/v2.8 http://knime.org/node/v2.8.xsd">
	<name>Moz API Connector</name>
	<shortDescription>Create a connection to access Moz's API.</shortDescription>
	<fullDescription>
		<intro>
	Creates a connection to access Moz's API. Documentation for the API can be found at <a href="https://moz.com/products/api">https://moz.com/products/api</a>
		</intro>
		<option name="Access ID">The API Access ID</option>
		<option name="Secret Key">The API Secret Key</option>
	</fullDescription>
	<ports>
		<outPort index="0" name="Moz API Connection">A connection that can be used to access Moz's API.</outPort>
	</ports>
</knimeNode>
