<?xml version="1.0" encoding="UTF-8"?>
<!--
====================================================================
 * Copyright by MMI Agency, Houston, Texas, USA
 * Website: http://www.mmiagency.com; Contact: 713-929-6900
 *
 * The MMI KNIME Node is Copyright (C) 2015, MMI Agency The KNIME Nodes 
 * are free software: you can redistribute it and/or modify it under the 
 * terms of the GNU General Public License as published by the Free 
 * Software Foundation, either version 3 of the License, or (at your 
 * option) any later version. 
 * 
 * The KNIME Nodes are distributed in the hope that it will be useful, 
 * but WITHOUT ANY WARRANTY; without even the implied warranty of 
 * MERCHANTABILITY or FITNESS FOR A PARTICULAR PURPOSE. See the GNU 
 * General Public License for more details. You should have received a 
 * copy of the GNU General Public License along with the KNIME Nodes. If 
 * not, see <http://www.gnu.org/licenses/>.
====================================================================
-->
<knimeNode icon="./default.png" type="Manipulator" xmlns="http://knime.org/node/v2.8" xmlns:xsi="http://www.w3.org/2001/XMLSchema-instance" xsi:schemaLocation="http://knime.org/node/v2.10 http://knime.org/node/v2.10.xsd">
    <name>W3C CSS Validator</name>
    
    <shortDescription>
        This node submits URL(s) to W3C CSS Validator service to evaluate quality of the CSS source files.        
    </shortDescription>
    
    <fullDescription>
        <intro>This node submits URL(s) to W3C CSS Validator service to evaluate quality of the CSS source files.  It uses W3C's host <a href="http://jigsaw.w3.org/css-validator/validator">http://jigsaw.w3.org/css-validator/validator</a> by default.  Note that there is an unpublicized quota limit on W3C's host.  Sending a large batch of URLs through this node to W3C's host can result in your IP being banned from their website.  To avoid exceeding their quota limit, you should consider setting up your own validator host.  You can follow their <a href="https://jigsaw.w3.org/css-validator/DOWNLOAD.html">instruction</a> to set up your own host.</intro>
        
        <option name="CSS Validator URL">CSS Validator URL, default to W3C's URL</option>
        <option name="URL Column Name">A selection of String columns from the input table, the chosen column will be used in URL(s) submission.</option>
        <option name="Profile">CSS Profile</option>
        <option name="Medium">User medium</option>
        <option name="Warnings">Warning level</option>
        <option name="Vendor Extensions">Include vendor extensions</option>

    </fullDescription>
    
    <ports>
        <inPort index="0" name="Incoming table with URL column">An input table that contains a URL column</inPort>
        <outPort index="0" name="Table output of summary result">An output table with CSS Validator summary results with counts for warning and error types</outPort>
        <outPort index="1" name="Table output of details result">An output table with CSS Validator details results with text for warning and error types</outPort>
    </ports>    
</knimeNode>
