<?xml version="1.0" encoding="UTF-8"?>
<!--
====================================================================
 * Copyright by MMI Agency, Houston, Texas, USA
 * Website: http://www.mmiagency.com; Contact: 713-929-6900
 *
 * The MMI KNIME Node is Copyright (C) 2015, MMI Agency The KNIME Nodes 
 * are free software: you can redistribute it and/or modify it under the 
 * terms of the GNU General Public License as published by the Free 
 * Software Foundation, either version 3 of the License, or (at your 
 * option) any later version. 
 * 
 * The KNIME Nodes are distributed in the hope that it will be useful, 
 * but WITHOUT ANY WARRANTY; without even the implied warranty of 
 * MERCHANTABILITY or FITNESS FOR A PARTICULAR PURPOSE. See the GNU 
 * General Public License for more details. You should have received a 
 * copy of the GNU General Public License along with the KNIME Nodes. If 
 * not, see <http://www.gnu.org/licenses/>.
====================================================================
-->
<knimeNode icon="./default.png" type="Manipulator" xmlns="http://knime.org/node/v2.8" xmlns:xsi="http://www.w3.org/2001/XMLSchema-instance" xsi:schemaLocation="http://knime.org/node/v2.10 http://knime.org/node/v2.10.xsd">
    <name>Google PageSpeed Insight</name>
    
    <shortDescription>
        This node submits URL(s) to Google PageSpeed Insights service to pull PageSpeed scores and other metrics provided by PageSpeed.
    </shortDescription>
    
    <fullDescription>
        <intro>This node submits URL(s) to Google PageSpeed Insights service to pull PageSpeed scores and other metrics provided by PageSpeed.<br/><br/>
        You will need a <a href="https://www.google.com/accounts/NewAccount">Google Account</a> to obtain a Google PageSpeed Insight API key.  To acquire an API key:<br/><br/>
        <ol>
        	<li>Go to <a href="https://console.developers.google.com/">Google Developers Console</a></li>
        	<li>Select a project, or create a new one.</li>
        	<!--<li>In the sidebar on the left, expand <strong>APIs and auth</strong>. Next, click <strong>APIs</strong>. Select the <strong>Enabled APIs</strong> link in the API section to see a list of all your enabled APIs. Make sure that the PageSpeed Insights API is on the list of enabled APIs. If you have not enabled it, select the API from the list of APIs, then select the <strong>Enable API</strong> button for the API.</li>
            <li>In the sidebar on the left, select <strong>Credentials</strong>.</li>
            <li>Click <strong>Add credentials</strong> and select <strong>API key</strong>.</li>
            <li>Click <strong>Server key</strong>.</li>
            <li>Specify a name for the key and click <strong>Create</strong></li>
            <li>An <strong>API key</strong> should be shown.</li>-->
        </ol>
        Google imposes a quota limit on PageSpeed Insights API usage.  The current limit (as of September, 2015) is 25,000 requests / day and 1 requests / second.  The default pause is 1 second between sending requests to Google to avoid exceeding quota.
        </intro>
        
        <option name="Google API Key">Google API Key that's necessary to use the service.</option>
        <option name="URL Column Name">A selection of String columns from the input table, the chosen column will be used in URL(s) submission.</option>
        <option name="Filter Third Party Resources">A PageSpeed option to filter out third party resources during evaluation, default is false.</option>
        <option name="Locale">A PageSpeed option for locale, default is en_US (format should be [language code]_[country code]).</option>
        <option name="Strategy">A PageSpeed option for choosing between mobile and desktop strategy, default is desktop.</option>
        <option name="Wait time">Wait time (in milliseconds) between requests, default is 1000ms.</option>

    </fullDescription>
    
    <ports>
        <inPort index="0" name="Incoming table with URL column">An input table that contains a URL column</inPort>
        <outPort index="0" name="Table output of details result">An output table with Google PageSpeed results</outPort>
    </ports>    

</knimeNode>
