<?xml version="1.0" encoding="UTF-8"?>
<!--
====================================================================
 * Copyright by MMI Agency, Houston, Texas, USA
 * Website: http://www.mmiagency.com; Contact: 713-929-6900
 *
 * The MMI KNIME Node is Copyright (C) 2015, MMI Agency The KNIME Nodes 
 * are free software: you can redistribute it and/or modify it under the 
 * terms of the GNU General Public License as published by the Free 
 * Software Foundation, either version 3 of the License, or (at your 
 * option) any later version. 
 * 
 * The KNIME Nodes are distributed in the hope that it will be useful, 
 * but WITHOUT ANY WARRANTY; without even the implied warranty of 
 * MERCHANTABILITY or FITNESS FOR A PARTICULAR PURPOSE. See the GNU 
 * General Public License for more details. You should have received a 
 * copy of the GNU General Public License along with the KNIME Nodes. If 
 * not, see <http://www.gnu.org/licenses/>.
====================================================================
-->
<knimeNode icon="./default.png" type="Source" xmlns="http://knime.org/node/v2.8" xmlns:xsi="http://www.w3.org/2001/XMLSchema-instance" xsi:schemaLocation="http://knime.org/node/v2.10 http://knime.org/node/v2.10.xsd">
    <name>XML Sitemap Reader</name>
    
    <shortDescription>
        Read Sitemap URL and produce a table output with sitemap entries.
    </shortDescription>
    
    <fullDescription>
        <intro>This node expects a sitemap URL input and produces sitemap entries in an output table. It also support sitemap index.  Note that sitemap content must be in XML form and compatible with the specification found in <a href="http://www.sitemaps.org/">http://www.sitemaps.org/</a>.</intro>
        
        <option name="Sitemap URL (Required)">A sitemap URL, this is a required field.</option>

    </fullDescription>
    
    <ports>
        <outPort index="0" name="Sitemap entries">Sitemap entries</outPort>
    </ports>    
</knimeNode>
