<?xml version="1.0" encoding="UTF-8"?>
<!--
====================================================================
 * Copyright by MMI Agency, Houston, Texas, USA
 * Website: http://www.mmiagency.com; Contact: 713-929-6900
 *
 * The MMI KNIME Node is Copyright (C) 2015, MMI Agency The KNIME Nodes 
 * are free software: you can redistribute it and/or modify it under the 
 * terms of the GNU General Public License as published by the Free 
 * Software Foundation, either version 3 of the License, or (at your 
 * option) any later version. 
 * 
 * The KNIME Nodes are distributed in the hope that it will be useful, 
 * but WITHOUT ANY WARRANTY; without even the implied warranty of 
 * MERCHANTABILITY or FITNESS FOR A PARTICULAR PURPOSE. See the GNU 
 * General Public License for more details. You should have received a 
 * copy of the GNU General Public License along with the KNIME Nodes. If 
 * not, see <http://www.gnu.org/licenses/>.
====================================================================
-->
<knimeNode icon="./moz.png" type="Manipulator" xmlns="http://knime.org/node/v2.8" xmlns:xsi="http://www.w3.org/2001/XMLSchema-instance" xsi:schemaLocation="http://knime.org/node/v2.10 http://knime.org/node/v2.10.xsd">
    <name>Moz Url Metrics</name>
    
    <shortDescription>
        Returns Moz Url Metrics data via Moz API
    </shortDescription>
    
    <fullDescription>
        <intro>This node uses Moz API Connector to connect to Moz API to pull Url Metrics data</intro>
        <option name="Url">The Url to analyze.</option>
    </fullDescription>
    
    <ports>
		<inPort index="0" name="Urls to Analyze">
			Table with URL's to Analyze
		</inPort>
        <inPort index="1" name="Moz API Connection" optional="true">
          An optional Moz Connection that should be used instead of providing the connection information in the dialog.
        </inPort>
        <outPort index="0" name="Moz Url Metrics Data">Moz Url Metrics data in table form</outPort>
    </ports>    
</knimeNode>
